Modelo,Accuracy,Precision,Recall
SimpleNN,0.9624333333333333,0.973328125082314,0.9732
ResNet18 (fine-tuning),0.5164166666666666,0.5608270475492514,0.5609
